
R�capitulatif de mes index

Date de relev� de l'index;Type d'index;Index Heures pleines (kWh);Index Heures creuses (kWh)
14/06/2023;Index transmis par le distributeur;26892;17138
13/06/2023;Index transmis par le distributeur;26884;17136
12/06/2023;Index transmis par le distributeur;26875;17133
11/06/2023;Index transmis par le distributeur;26865;17131
10/06/2023;Index transmis par le distributeur;26851;17128
09/06/2023;Index transmis par le distributeur;26846;17125
08/06/2023;Index transmis par le distributeur;26839;17121
07/06/2023;Index transmis par le distributeur;26827;17117
06/06/2023;Index transmis par le distributeur;26821;17115
05/06/2023;Index transmis par le distributeur;26814;17111
04/06/2023;Index transmis par le distributeur;26802;17108
03/06/2023;Index transmis par le distributeur;26793;17105
02/06/2023;Index transmis par le distributeur;26783;17100
01/06/2023;Index transmis par le distributeur;26775;17098
31/05/2023;Index transmis par le distributeur;26765;17094
30/05/2023;Index transmis par le distributeur;26759;17086
29/05/2023;Index transmis par le distributeur;26752;17081
28/05/2023;Index transmis par le distributeur;26746;17077
27/05/2023;Index transmis par le distributeur;26732;17073
26/05/2023;Index transmis par le distributeur;26725;17067
25/05/2023;Index transmis par le distributeur;26717;17065
24/05/2023;Index transmis par le distributeur;26707;17060
23/05/2023;Index transmis par le distributeur;26701;17056
22/05/2023;Index transmis par le distributeur;26694;17052
21/05/2023;Index transmis par le distributeur;26681;17046
20/05/2023;Index transmis par le distributeur;26672;17043
19/05/2023;Index transmis par le distributeur;26658;17041
18/05/2023;Index transmis par le distributeur;26649;17035
17/05/2023;Index transmis par le distributeur;26641;17030
16/05/2023;Index transmis par le distributeur;26636;17023
15/05/2023;Index transmis par le distributeur;26625;17019
14/05/2023;Index transmis par le distributeur;26609;17017
13/05/2023;Index transmis par le distributeur;26596;17013
12/05/2023;Index transmis par le distributeur;26588;17006
11/05/2023;Index transmis par le distributeur;26579;17002
10/05/2023;Index transmis par le distributeur;26566;16997
09/05/2023;Index transmis par le distributeur;26554;16994
08/05/2023;Index transmis par le distributeur;26543;16989
07/05/2023;Index transmis par le distributeur;26536;16986
06/05/2023;Index transmis par le distributeur;26526;16982
05/05/2023;Index transmis par le distributeur;26517;16978
04/05/2023;Index transmis par le distributeur;26509;16974
03/05/2023;Index transmis par le distributeur;26494;16968
02/05/2023;Index transmis par le distributeur;26485;16957
01/05/2023;Index transmis par le distributeur;26471;16954
30/04/2023;Index transmis par le distributeur;26460;16949
29/04/2023;Index transmis par le distributeur;26445;16942
28/04/2023;Index transmis par le distributeur;26433;16937
27/04/2023;Index transmis par le distributeur;26414;16930
26/04/2023;Index transmis par le distributeur;26400;16923
25/04/2023;Index transmis par le distributeur;26385;16913
24/04/2023;Index transmis par le distributeur;26370;16905
23/04/2023;Index transmis par le distributeur;26353;16899
22/04/2023;Index transmis par le distributeur;26341;16893
21/04/2023;Index transmis par le distributeur;26327;16888
20/04/2023;Index transmis par le distributeur;26308;16881
19/04/2023;Index transmis par le distributeur;26286;16873
18/04/2023;Index transmis par le distributeur;26270;16867
17/04/2023;Index transmis par le distributeur;26254;16861
16/04/2023;Index transmis par le distributeur;26238;16854
15/04/2023;Index transmis par le distributeur;26214;16845
14/04/2023;Index transmis par le distributeur;26196;16836
13/04/2023;Index transmis par le distributeur;26176;16827
12/04/2023;Index transmis par le distributeur;26159;16818
11/04/2023;Index transmis par le distributeur;26144;16807
10/04/2023;Index transmis par le distributeur;26125;16800
09/04/2023;Index transmis par le distributeur;26113;16792
08/04/2023;Index transmis par le distributeur;26098;16785
07/04/2023;Index transmis par le distributeur;26084;16777
06/04/2023;Index transmis par le distributeur;26067;16768
05/04/2023;Index transmis par le distributeur;26046;16760
04/04/2023;Index transmis par le distributeur;26030;16752
03/04/2023;Index transmis par le distributeur;26009;16745
02/04/2023;Index transmis par le distributeur;25985;16740
01/04/2023;Index transmis par le distributeur;25971;16731
31/03/2023;Index transmis par le distributeur;25953;16725
30/03/2023;Index transmis par le distributeur;25936;16719
29/03/2023;Index transmis par le distributeur;25921;16707
28/03/2023;Index transmis par le distributeur;25905;16697
27/03/2023;Index transmis par le distributeur;25887;16691
26/03/2023;Index transmis par le distributeur;25868;16686
25/03/2023;Index transmis par le distributeur;25851;16676
24/03/2023;Index transmis par le distributeur;25834;16670
23/03/2023;Index transmis par le distributeur;25816;16663
22/03/2023;Index transmis par le distributeur;25795;16655
21/03/2023;Index transmis par le distributeur;25780;16647
20/03/2023;Index transmis par le distributeur;25763;16640
19/03/2023;Index transmis par le distributeur;25746;16632
18/03/2023;Index transmis par le distributeur;25728;16623
17/03/2023;Index transmis par le distributeur;25713;16614
16/03/2023;Index transmis par le distributeur;25698;16609
15/03/2023;Index transmis par le distributeur;25679;16600
14/03/2023;Index transmis par le distributeur;25664;16590
13/03/2023;Index transmis par le distributeur;25648;16583
12/03/2023;Index transmis par le distributeur;25632;16575
11/03/2023;Index transmis par le distributeur;25609;16566
10/03/2023;Index transmis par le distributeur;25587;16559
09/03/2023;Index transmis par le distributeur;25571;16550
08/03/2023;Index transmis par le distributeur;25552;16541
07/03/2023;Index transmis par le distributeur;25533;16533
06/03/2023;Index transmis par le distributeur;25507;16522
05/03/2023;Index transmis par le distributeur;25489;16511
04/03/2023;Index transmis par le distributeur;25468;16502
03/03/2023;Index transmis par le distributeur;25450;16489
02/03/2023;Index transmis par le distributeur;25429;16479
01/03/2023;Index transmis par le distributeur;25410;16469
28/02/2023;Index transmis par le distributeur;25388;16462
27/02/2023;Index transmis par le distributeur;25367;16453
26/02/2023;Index transmis par le distributeur;25347;16445
25/02/2023;Index transmis par le distributeur;25327;16437
24/02/2023;Index transmis par le distributeur;25310;16428
23/02/2023;Index transmis par le distributeur;25291;16417
22/02/2023;Index transmis par le distributeur;25274;16409
21/02/2023;Index transmis par le distributeur;25256;16402
20/02/2023;Index transmis par le distributeur;25234;16391
19/02/2023;Index transmis par le distributeur;25213;16383
18/02/2023;Index transmis par le distributeur;25195;16377
17/02/2023;Index transmis par le distributeur;25179;16369
16/02/2023;Index transmis par le distributeur;25160;16360
15/02/2023;Index transmis par le distributeur;25138;16347
14/02/2023;Index transmis par le distributeur;25118;16338
13/02/2023;Index transmis par le distributeur;25095;16327
12/02/2023;Index transmis par le distributeur;25075;16320
11/02/2023;Index transmis par le distributeur;25055;16309
10/02/2023;Index transmis par le distributeur;25036;16299
09/02/2023;Index transmis par le distributeur;25016;16288
08/02/2023;Index transmis par le distributeur;24989;16278
07/02/2023;Index transmis par le distributeur;24970;16268
06/02/2023;Index transmis par le distributeur;24949;16257
05/02/2023;Index transmis par le distributeur;24931;16248
04/02/2023;Index transmis par le distributeur;24912;16238
03/02/2023;Index transmis par le distributeur;24895;16233
02/02/2023;Index transmis par le distributeur;24877;16223
01/02/2023;Index transmis par le distributeur;24860;16211
31/01/2023;Index transmis par le distributeur;24844;16201
30/01/2023;Index transmis par le distributeur;24824;16192
29/01/2023;Index transmis par le distributeur;24797;16180
28/01/2023;Index transmis par le distributeur;24777;16173
27/01/2023;Index transmis par le distributeur;24755;16165
26/01/2023;Index transmis par le distributeur;24736;16154
25/01/2023;Index transmis par le distributeur;24720;16147
24/01/2023;Index transmis par le distributeur;24701;16134
23/01/2023;Index transmis par le distributeur;24677;16124
22/01/2023;Index transmis par le distributeur;24652;16113
21/01/2023;Index transmis par le distributeur;24630;16102
20/01/2023;Index transmis par le distributeur;24602;16089
19/01/2023;Index transmis par le distributeur;24581;16079
18/01/2023;Index transmis par le distributeur;24556;16068
17/01/2023;Index transmis par le distributeur;24533;16056
16/01/2023;Index transmis par le distributeur;24509;16043
15/01/2023;Index transmis par le distributeur;24489;16031
14/01/2023;Index transmis par le distributeur;24465;16022
13/01/2023;Index transmis par le distributeur;24444;16015
12/01/2023;Index transmis par le distributeur;24427;16009
11/01/2023;Index transmis par le distributeur;24410;16001
10/01/2023;Index transmis par le distributeur;24392;15990
09/01/2023;Index transmis par le distributeur;24370;15978
08/01/2023;Index transmis par le distributeur;24352;15970
07/01/2023;Index transmis par le distributeur;24334;15962
06/01/2023;Index transmis par le distributeur;24314;15954
05/01/2023;Index transmis par le distributeur;24296;15945
04/01/2023;Index transmis par le distributeur;24281;15937
03/01/2023;Index transmis par le distributeur;24265;15927
02/01/2023;Index transmis par le distributeur;24247;15915
01/01/2023;Index transmis par le distributeur;24230;15906
31/12/2022;Index transmis par le distributeur;24215;15897
30/12/2022;Index transmis par le distributeur;24201;15890
29/12/2022;Index transmis par le distributeur;24183;15880
28/12/2022;Index transmis par le distributeur;24163;15873
27/12/2022;Index transmis par le distributeur;24143;15862
26/12/2022;Index transmis par le distributeur;24124;15855
25/12/2022;Index transmis par le distributeur;24101;15846
24/12/2022;Index transmis par le distributeur;24082;15840
23/12/2022;Index transmis par le distributeur;24067;15831
22/12/2022;Index transmis par le distributeur;24048;15824
21/12/2022;Index transmis par le distributeur;24031;15817
20/12/2022;Index transmis par le distributeur;24015;15809
19/12/2022;Index transmis par le distributeur;23998;15799
18/12/2022;Index transmis par le distributeur;23981;15786
17/12/2022;Index transmis par le distributeur;23950;15771
16/12/2022;Index transmis par le distributeur;23912;15753
15/12/2022;Index transmis par le distributeur;23878;15741
14/12/2022;Index transmis par le distributeur;23851;15728
13/12/2022;Index transmis par le distributeur;23820;15714
12/12/2022;Index transmis par le distributeur;23788;15701
11/12/2022;Index transmis par le distributeur;23762;15688
10/12/2022;Index transmis par le distributeur;23738;15674
09/12/2022;Index transmis par le distributeur;23711;15663
08/12/2022;Index transmis par le distributeur;23689;15654
07/12/2022;Index transmis par le distributeur;23666;15642
06/12/2022;Index transmis par le distributeur;23642;15629
05/12/2022;Index transmis par le distributeur;23616;15617
04/12/2022;Index transmis par le distributeur;23595;15606
03/12/2022;Index transmis par le distributeur;23574;15597
02/12/2022;Index transmis par le distributeur;23541;15589
01/12/2022;Index transmis par le distributeur;23519;15577
30/11/2022;Index transmis par le distributeur;23501;15566
29/11/2022;Index transmis par le distributeur;23482;15557
28/11/2022;Index transmis par le distributeur;23466;15546
27/11/2022;Index transmis par le distributeur;23450;15539
26/11/2022;Index transmis par le distributeur;23436;15531
25/11/2022;Index transmis par le distributeur;23423;15521
24/11/2022;Index transmis par le distributeur;23409;15513
23/11/2022;Index transmis par le distributeur;23393;15505
22/11/2022;Index transmis par le distributeur;23378;15495
21/11/2022;Index transmis par le distributeur;23360;15487
20/11/2022;Index transmis par le distributeur;23346;15477
19/11/2022;Index transmis par le distributeur;23328;15468
18/11/2022;Index transmis par le distributeur;23312;15460
17/11/2022;Index transmis par le distributeur;23299;15449
16/11/2022;Index transmis par le distributeur;23281;15442
15/11/2022;Index transmis par le distributeur;23264;15435
14/11/2022;Index transmis par le distributeur;23248;15428
13/11/2022;Index transmis par le distributeur;23236;15421
12/11/2022;Index transmis par le distributeur;23224;15413
11/11/2022;Index transmis par le distributeur;23212;15406
10/11/2022;Index transmis par le distributeur;23196;15396
09/11/2022;Index transmis par le distributeur;23181;15389
08/11/2022;Index transmis par le distributeur;23169;15380
07/11/2022;Index transmis par le distributeur;23155;15371
06/11/2022;Index transmis par le distributeur;23139;15365
05/11/2022;Index transmis par le distributeur;23127;15356
04/11/2022;Index transmis par le distributeur;23113;15345
03/11/2022;Index transmis par le distributeur;23096;15336
02/11/2022;Index transmis par le distributeur;23082;15328
01/11/2022;Index transmis par le distributeur;23067;15320
30/10/2022;Index transmis par le distributeur;23052;15311
30/10/2022;Index transmis par le distributeur;23033;15303
29/10/2022;Index transmis par le distributeur;23020;15297
28/10/2022;Index transmis par le distributeur;23010;15288
27/10/2022;Index transmis par le distributeur;23000;15282
26/10/2022;Index transmis par le distributeur;22989;15275
25/10/2022;Index transmis par le distributeur;22976;15267
24/10/2022;Index transmis par le distributeur;22958;15259
23/10/2022;Index transmis par le distributeur;22947;15250
22/10/2022;Index transmis par le distributeur;22933;15243
21/10/2022;Index transmis par le distributeur;22922;15237
20/10/2022;Index transmis par le distributeur;22908;15231
19/10/2022;Index transmis par le distributeur;22894;15221
18/10/2022;Index transmis par le distributeur;22883;15212
17/10/2022;Index transmis par le distributeur;22867;15204
16/10/2022;Index transmis par le distributeur;22859;15197
15/10/2022;Index transmis par le distributeur;22849;15192
14/10/2022;Index transmis par le distributeur;22841;15187
13/10/2022;Index transmis par le distributeur;22828;15182
12/10/2022;Index transmis par le distributeur;22822;15178
11/10/2022;Index transmis par le distributeur;22815;15173
10/10/2022;Index transmis par le distributeur;22804;15168
09/10/2022;Index transmis par le distributeur;22796;15163
08/10/2022;Index transmis par le distributeur;22786;15157
07/10/2022;Index transmis par le distributeur;22778;15151
06/10/2022;Index transmis par le distributeur;22773;15145
05/10/2022;Index transmis par le distributeur;22766;15141
04/10/2022;Index transmis par le distributeur;22758;15135
03/10/2022;Index transmis par le distributeur;22747;15132
02/10/2022;Index transmis par le distributeur;22741;15126
01/10/2022;Index transmis par le distributeur;22728;15121
30/09/2022;Index transmis par le distributeur;22721;15116
29/09/2022;Index transmis par le distributeur;22712;15111
28/09/2022;Index transmis par le distributeur;22704;15103
27/09/2022;Index transmis par le distributeur;22697;15098
26/09/2022;Index transmis par le distributeur;22688;15093
25/09/2022;Index transmis par le distributeur;22677;15088
24/09/2022;Index transmis par le distributeur;22668;15084
23/09/2022;Index transmis par le distributeur;22660;15079
22/09/2022;Index transmis par le distributeur;22648;15074
21/09/2022;Index transmis par le distributeur;22642;15067
20/09/2022;Index transmis par le distributeur;22636;15065
19/09/2022;Index transmis par le distributeur;22626;15060
18/09/2022;Index transmis par le distributeur;22618;15052
17/09/2022;Index transmis par le distributeur;22609;15047
16/09/2022;Index transmis par le distributeur;22601;15043
15/09/2022;Index transmis par le distributeur;22595;15039
14/09/2022;Index transmis par le distributeur;22586;15035
13/09/2022;Index transmis par le distributeur;22577;15032
12/09/2022;Index transmis par le distributeur;22568;15028
11/09/2022;Index transmis par le distributeur;22560;15021
10/09/2022;Index transmis par le distributeur;22548;15016
09/09/2022;Index transmis par le distributeur;22540;15012
08/09/2022;Index transmis par le distributeur;22534;15008
07/09/2022;Index transmis par le distributeur;22526;15003
06/09/2022;Index transmis par le distributeur;22519;15000
05/09/2022;Index transmis par le distributeur;22507;14996
04/09/2022;Index transmis par le distributeur;22501;14991
03/09/2022;Index transmis par le distributeur;22494;14984
02/09/2022;Index transmis par le distributeur;22486;14981
01/09/2022;Index transmis par le distributeur;22477;14975
31/08/2022;Index transmis par le distributeur;22469;14971
30/08/2022;Index transmis par le distributeur;22461;14968
29/08/2022;Index transmis par le distributeur;22450;14963
28/08/2022;Index transmis par le distributeur;22439;14960
27/08/2022;Index transmis par le distributeur;22433;14953
26/08/2022;Index transmis par le distributeur;22426;14948
25/08/2022;Index transmis par le distributeur;22417;14942
24/08/2022;Index transmis par le distributeur;22412;14938
23/08/2022;Index transmis par le distributeur;22401;14934
22/08/2022;Index transmis par le distributeur;22393;14932
21/08/2022;Index transmis par le distributeur;22386;14928
20/08/2022;Index transmis par le distributeur;22378;14924
19/08/2022;Index transmis par le distributeur;22371;14920
18/08/2022;Index transmis par le distributeur;22359;14916
17/08/2022;Index transmis par le distributeur;22348;14911
16/08/2022;Index transmis par le distributeur;22337;14906
15/08/2022;Index transmis par le distributeur;22322;14901
14/08/2022;Index transmis par le distributeur;22318;14898
13/08/2022;Index transmis par le distributeur;22310;14895
12/08/2022;Index transmis par le distributeur;22305;14891
11/08/2022;Index transmis par le distributeur;22294;14887
10/08/2022;Index transmis par le distributeur;22287;14884
09/08/2022;Index transmis par le distributeur;22282;14881
08/08/2022;Index transmis par le distributeur;22273;14879
07/08/2022;Index transmis par le distributeur;22266;14875
06/08/2022;Index transmis par le distributeur;22255;14871
05/08/2022;Index transmis par le distributeur;22246;14866
04/08/2022;Index transmis par le distributeur;22242;14862
03/08/2022;Index transmis par le distributeur;22236;14858
02/08/2022;Index transmis par le distributeur;22231;14854
01/08/2022;Index transmis par le distributeur;22224;14850
31/07/2022;Index transmis par le distributeur;22218;14845
30/07/2022;Index transmis par le distributeur;22212;14840
29/07/2022;Index transmis par le distributeur;22204;14835
28/07/2022;Index transmis par le distributeur;22194;14832
27/07/2022;Index transmis par le distributeur;22189;14827
26/07/2022;Index transmis par le distributeur;22183;14823
25/07/2022;Index transmis par le distributeur;22174;14818
24/07/2022;Index transmis par le distributeur;22166;14813
23/07/2022;Index transmis par le distributeur;22159;14810
22/07/2022;Index transmis par le distributeur;22154;14806
21/07/2022;Index transmis par le distributeur;22150;14801
20/07/2022;Index transmis par le distributeur;22145;14797
19/07/2022;Index transmis par le distributeur;22140;14794
18/07/2022;Index transmis par le distributeur;22134;14790
17/07/2022;Index transmis par le distributeur;22128;14787
16/07/2022;Index transmis par le distributeur;22123;14782
15/07/2022;Index transmis par le distributeur;22114;14778
14/07/2022;Index transmis par le distributeur;22099;14774
13/07/2022;Index transmis par le distributeur;22087;14770
12/07/2022;Index transmis par le distributeur;22079;14767
11/07/2022;Index transmis par le distributeur;22070;14762
10/07/2022;Index transmis par le distributeur;22058;14759
09/07/2022;Index transmis par le distributeur;22052;14754
08/07/2022;Index transmis par le distributeur;22043;14750
07/07/2022;Index transmis par le distributeur;22034;14745
06/07/2022;Index transmis par le distributeur;22028;14740
05/07/2022;Index transmis par le distributeur;22020;14735
04/07/2022;Index transmis par le distributeur;22013;14729
03/07/2022;Index transmis par le distributeur;22006;14723
02/07/2022;Index transmis par le distributeur;21994;14718
01/07/2022;Index transmis par le distributeur;21985;14711
30/06/2022;Index transmis par le distributeur;21974;14708
29/06/2022;Index transmis par le distributeur;21965;14703
28/06/2022;Index transmis par le distributeur;21956;14699
27/06/2022;Index transmis par le distributeur;21944;14696
26/06/2022;Index transmis par le distributeur;21939;14690
25/06/2022;Index transmis par le distributeur;21932;14683
24/06/2022;Index transmis par le distributeur;21926;14679
23/06/2022;Index transmis par le distributeur;21918;14675
22/06/2022;Index transmis par le distributeur;21910;14670
21/06/2022;Index transmis par le distributeur;21900;14665
20/06/2022;Index transmis par le distributeur;21891;14660
19/06/2022;Index transmis par le distributeur;21885;14656
18/06/2022;Index transmis par le distributeur;21880;14649
17/06/2022;Index transmis par le distributeur;21871;14645
16/06/2022;Index transmis par le distributeur;21862;14641
15/06/2022;Index transmis par le distributeur;21852;14637
14/06/2022;Index transmis par le distributeur;21844;14633
13/06/2022;Index transmis par le distributeur;21835;14627
12/06/2022;Index transmis par le distributeur;21827;14622
11/06/2022;Index transmis par le distributeur;21818;14618
10/06/2022;Index transmis par le distributeur;21810;14612
09/06/2022;Index transmis par le distributeur;21800;14608
08/06/2022;Index transmis par le distributeur;21792;14603
07/06/2022;Index transmis par le distributeur;21783;14599
06/06/2022;Index transmis par le distributeur;21775;14594
05/06/2022;Index transmis par le distributeur;21771;14589
04/06/2022;Index transmis par le distributeur;21755;14582
03/06/2022;Index transmis par le distributeur;21742;14575
02/06/2022;Index transmis par le distributeur;21726;14566
01/06/2022;Index transmis par le distributeur;21713;14557
31/05/2022;Index transmis par le distributeur;21699;14549
30/05/2022;Index transmis par le distributeur;21683;14540
29/05/2022;Index transmis par le distributeur;21672;14532
28/05/2022;Index transmis par le distributeur;21659;14521
27/05/2022;Index transmis par le distributeur;21648;14513
26/05/2022;Index transmis par le distributeur;21631;14505
25/05/2022;Index transmis par le distributeur;21617;14497
24/05/2022;Index transmis par le distributeur;21605;14489
23/05/2022;Index transmis par le distributeur;21589;14481
22/05/2022;Index transmis par le distributeur;21579;14472
21/05/2022;Index transmis par le distributeur;21562;14463
20/05/2022;Index transmis par le distributeur;21551;14456
19/05/2022;Index transmis par le distributeur;21538;14449
18/05/2022;Index transmis par le distributeur;21526;14442
17/05/2022;Index transmis par le distributeur;21514;14433
16/05/2022;Index transmis par le distributeur;21501;14425
15/05/2022;Index transmis par le distributeur;21491;14417
14/05/2022;Index transmis par le distributeur;21476;14407
13/05/2022;Index transmis par le distributeur;21462;14399
12/05/2022;Index transmis par le distributeur;21450;14390
11/05/2022;Index transmis par le distributeur;21436;14383
10/05/2022;Index transmis par le distributeur;21420;14376
09/05/2022;Index transmis par le distributeur;21406;14366
08/05/2022;Index transmis par le distributeur;21392;14357
07/05/2022;Index transmis par le distributeur;21372;14347
06/05/2022;Index transmis par le distributeur;21358;14338
05/05/2022;Index transmis par le distributeur;21342;14330
04/05/2022;Index transmis par le distributeur;21329;14321
03/05/2022;Index transmis par le distributeur;21311;14313
02/05/2022;Index transmis par le distributeur;21294;14303
01/05/2022;Index transmis par le distributeur;21279;14292
30/04/2022;Index transmis par le distributeur;21263;14282
29/04/2022;Index transmis par le distributeur;21249;14274
28/04/2022;Index transmis par le distributeur;21233;14266
27/04/2022;Index transmis par le distributeur;21217;14257
26/04/2022;Index transmis par le distributeur;21201;14248
25/04/2022;Index transmis par le distributeur;21185;14240
24/04/2022;Index transmis par le distributeur;21172;14231
23/04/2022;Index transmis par le distributeur;21155;14222
22/04/2022;Index transmis par le distributeur;21142;14211
21/04/2022;Index transmis par le distributeur;21127;14203
20/04/2022;Index transmis par le distributeur;21110;14193
19/04/2022;Index transmis par le distributeur;21095;14183
18/04/2022;Index transmis par le distributeur;21080;14175
17/04/2022;Index transmis par le distributeur;21066;14165
16/04/2022;Index transmis par le distributeur;21054;14154
15/04/2022;Index transmis par le distributeur;21039;14145
14/04/2022;Index transmis par le distributeur;21025;14136
13/04/2022;Index transmis par le distributeur;21007;14127
12/04/2022;Index transmis par le distributeur;20993;14118
11/04/2022;Index transmis par le distributeur;20977;14107
10/04/2022;Index transmis par le distributeur;20963;14098
09/04/2022;Index transmis par le distributeur;20937;14086
08/04/2022;Index transmis par le distributeur;20918;14076
07/04/2022;Index transmis par le distributeur;20902;14067
06/04/2022;Index transmis par le distributeur;20887;14058
05/04/2022;Index transmis par le distributeur;20872;14051
04/04/2022;Index transmis par le distributeur;20851;14037
03/04/2022;Index transmis par le distributeur;20829;14024
02/04/2022;Index transmis par le distributeur;20812;14013
01/04/2022;Index transmis par le distributeur;20791;14001
31/03/2022;Index transmis par le distributeur;20770;13991
30/03/2022;Index transmis par le distributeur;20753;13980
29/03/2022;Index transmis par le distributeur;20731;13973
28/03/2022;Index transmis par le distributeur;20713;13963
27/03/2022;Index transmis par le distributeur;20696;13954
26/03/2022;Index transmis par le distributeur;20680;13944
25/03/2022;Index transmis par le distributeur;20664;13935
24/03/2022;Index transmis par le distributeur;20647;13925
23/03/2022;Index transmis par le distributeur;20630;13916
22/03/2022;Index transmis par le distributeur;20614;13907
21/03/2022;Index transmis par le distributeur;20600;13897
20/03/2022;Index transmis par le distributeur;20584;13886
19/03/2022;Index transmis par le distributeur;20568;13875
18/03/2022;Index transmis par le distributeur;20550;13864
17/03/2022;Index transmis par le distributeur;20534;13853
16/03/2022;Index transmis par le distributeur;20519;13844
15/03/2022;Index transmis par le distributeur;20503;13832
14/03/2022;Index transmis par le distributeur;20485;13820
13/03/2022;Index transmis par le distributeur;20468;13808
12/03/2022;Index transmis par le distributeur;20449;13795
11/03/2022;Index transmis par le distributeur;20430;13784
10/03/2022;Index transmis par le distributeur;20411;13775
09/03/2022;Index transmis par le distributeur;20392;13762
08/03/2022;Index transmis par le distributeur;20369;13750
07/03/2022;Index transmis par le distributeur;20343;13735
06/03/2022;Index transmis par le distributeur;20317;13722
05/03/2022;Index transmis par le distributeur;20297;13707
04/03/2022;Index transmis par le distributeur;20279;13697
03/03/2022;Index transmis par le distributeur;20260;13688
02/03/2022;Index transmis par le distributeur;20243;13679
01/03/2022;Index transmis par le distributeur;20225;13672
28/02/2022;Index transmis par le distributeur;20205;13662
27/02/2022;Index transmis par le distributeur;20184;13649
26/02/2022;Index transmis par le distributeur;20162;13634
25/02/2022;Index transmis par le distributeur;20142;13620
24/02/2022;Index transmis par le distributeur;20120;13608
23/02/2022;Index transmis par le distributeur;20104;13597
22/02/2022;Index transmis par le distributeur;20088;13587
21/02/2022;Index transmis par le distributeur;20070;13575
20/02/2022;Index transmis par le distributeur;20048;13565
19/02/2022;Index transmis par le distributeur;20025;13550
18/02/2022;Index transmis par le distributeur;20005;13541
17/02/2022;Index transmis par le distributeur;19987;13532
16/02/2022;Index transmis par le distributeur;19972;13523
15/02/2022;Index transmis par le distributeur;19950;13511
14/02/2022;Index transmis par le distributeur;19927;13499
13/02/2022;Index transmis par le distributeur;19908;13485
12/02/2022;Index transmis par le distributeur;19876;13469
11/02/2022;Index transmis par le distributeur;19854;13453
10/02/2022;Index transmis par le distributeur;19832;13441
09/02/2022;Index transmis par le distributeur;19815;13429
08/02/2022;Index transmis par le distributeur;19798;13419
07/02/2022;Index transmis par le distributeur;19782;13408
06/02/2022;Index transmis par le distributeur;19764;13398
05/02/2022;Index transmis par le distributeur;19746;13385
04/02/2022;Index transmis par le distributeur;19724;13375
03/02/2022;Index transmis par le distributeur;19704;13363
02/02/2022;Index transmis par le distributeur;19687;13353
01/02/2022;Index transmis par le distributeur;19668;13342
31/01/2022;Index transmis par le distributeur;19644;13331
30/01/2022;Index transmis par le distributeur;19625;13319
29/01/2022;Index transmis par le distributeur;19608;13308
28/01/2022;Index transmis par le distributeur;19589;13299
27/01/2022;Index transmis par le distributeur;19566;13284
26/01/2022;Index transmis par le distributeur;19537;13268
25/01/2022;Index transmis par le distributeur;19505;13251
24/01/2022;Index transmis par le distributeur;19473;13235
23/01/2022;Index transmis par le distributeur;19451;13223
22/01/2022;Index transmis par le distributeur;19429;13209
21/01/2022;Index transmis par le distributeur;19406;13197
20/01/2022;Index transmis par le distributeur;19383;13185
19/01/2022;Index transmis par le distributeur;19361;13170
18/01/2022;Index transmis par le distributeur;19337;13159
17/01/2022;Index transmis par le distributeur;19315;13147
16/01/2022;Index transmis par le distributeur;19296;13133
15/01/2022;Index transmis par le distributeur;19269;13117
14/01/2022;Index transmis par le distributeur;19241;13101
13/01/2022;Index transmis par le distributeur;19213;13091
12/01/2022;Index transmis par le distributeur;19195;13082
11/01/2022;Index transmis par le distributeur;19179;13071
09/01/2022;Index transmis par le distributeur;19134;13049
08/01/2022;Index transmis par le distributeur;19112;13040
07/01/2022;Index transmis par le distributeur;19088;13031
06/01/2022;Index transmis par le distributeur;19060;13020
05/01/2022;Index transmis par le distributeur;19036;13008
04/01/2022;Index transmis par le distributeur;19016;12998
03/01/2022;Index transmis par le distributeur;18999;12990
02/01/2022;Index transmis par le distributeur;18980;12981
01/01/2022;Index transmis par le distributeur;18964;12972
31/12/2021;Index transmis par le distributeur;18946;12962
30/12/2021;Index transmis par le distributeur;18932;12953
29/12/2021;Index transmis par le distributeur;18914;12944
28/12/2021;Index transmis par le distributeur;18898;12933
27/12/2021;Index transmis par le distributeur;18877;12922
26/12/2021;Index transmis par le distributeur;18855;12913
25/12/2021;Index transmis par le distributeur;18837;12902
24/12/2021;Index transmis par le distributeur;18813;12888
23/12/2021;Index transmis par le distributeur;18791;12871
22/12/2021;Index transmis par le distributeur;18756;12855
21/12/2021;Index transmis par le distributeur;18729;12842
20/12/2021;Index transmis par le distributeur;18703;12828
19/12/2021;Index transmis par le distributeur;18682;12815
18/12/2021;Index transmis par le distributeur;18661;12804
17/12/2021;Index transmis par le distributeur;18636;12793
16/12/2021;Index transmis par le distributeur;18611;12781
15/12/2021;Index transmis par le distributeur;18592;12768
14/12/2021;Index transmis par le distributeur;18575;12760
13/12/2021;Index transmis par le distributeur;18555;12751
12/12/2021;Index transmis par le distributeur;18533;12740
11/12/2021;Index transmis par le distributeur;18514;12728
10/12/2021;Index transmis par le distributeur;18490;12714
09/12/2021;Index transmis par le distributeur;18467;12698
08/12/2021;Index transmis par le distributeur;18438;12682
07/12/2021;Index transmis par le distributeur;18420;12671
06/12/2021;Index transmis par le distributeur;18398;12659
05/12/2021;Index transmis par le distributeur;18378;12646
04/12/2021;Index transmis par le distributeur;18359;12636
03/12/2021;Index transmis par le distributeur;18341;12624
02/12/2021;Index transmis par le distributeur;18320;12612
01/12/2021;Index transmis par le distributeur;18301;12601
30/11/2021;Index transmis par le distributeur;18285;12591
29/11/2021;Index transmis par le distributeur;18258;12578
28/11/2021;Index transmis par le distributeur;18234;12564
27/11/2021;Index transmis par le distributeur;18209;12552
26/11/2021;Index transmis par le distributeur;18187;12541
25/11/2021;Index transmis par le distributeur;18171;12530
24/11/2021;Index transmis par le distributeur;18156;12520
23/11/2021;Index transmis par le distributeur;18137;12508
22/11/2021;Index transmis par le distributeur;18119;12494
21/11/2021;Index transmis par le distributeur;18101;12484
20/11/2021;Index transmis par le distributeur;18084;12475
19/11/2021;Index transmis par le distributeur;18071;12467
18/11/2021;Index transmis par le distributeur;18058;12459
17/11/2021;Index transmis par le distributeur;18045;12450
16/11/2021;Index transmis par le distributeur;18030;12442
15/11/2021;Index transmis par le distributeur;18013;12433
14/11/2021;Index transmis par le distributeur;18000;12425
13/11/2021;Index transmis par le distributeur;17982;12418
12/11/2021;Index transmis par le distributeur;17968;12409
11/11/2021;Index transmis par le distributeur;17950;12400
10/11/2021;Index transmis par le distributeur;17936;12393
09/11/2021;Index transmis par le distributeur;17922;12383
08/11/2021;Index transmis par le distributeur;17909;12374
07/11/2021;Index transmis par le distributeur;17895;12365
06/11/2021;Index transmis par le distributeur;17880;12357
06/11/2021;Index transmis par le distributeur;17880;12357
05/11/2021;Index transmis par le distributeur;17867;12349
04/11/2021;Index transmis par le distributeur;17852;12339
03/11/2021;Index transmis par le distributeur;17837;12330
02/11/2021;Index transmis par le distributeur;17819;12321
01/11/2021;Index transmis par le distributeur;17804;12313
31/10/2021;Index transmis par le distributeur;17794;12303
30/10/2021;Index transmis par le distributeur;17780;12295
29/10/2021;Index transmis par le distributeur;17768;12289
28/10/2021;Index transmis par le distributeur;17758;12281
27/10/2021;Index transmis par le distributeur;17746;12274
26/10/2021;Index transmis par le distributeur;17732;12266
25/10/2021;Index transmis par le distributeur;17716;12256
24/10/2021;Index transmis par le distributeur;17702;12249
23/10/2021;Index transmis par le distributeur;17687;12241
22/10/2021;Index transmis par le distributeur;17674;12234
21/10/2021;Index transmis par le distributeur;17663;12226
20/10/2021;Index transmis par le distributeur;17651;12220
19/10/2021;Index transmis par le distributeur;17639;12215
18/10/2021;Index transmis par le distributeur;17628;12209
17/10/2021;Index transmis par le distributeur;17616;12201
16/10/2021;Index transmis par le distributeur;17604;12195
15/10/2021;Index transmis par le distributeur;17592;12184
14/10/2021;Index transmis par le distributeur;17581;12177
13/10/2021;Index transmis par le distributeur;17570;12169
12/10/2021;Index transmis par le distributeur;17557;12161
11/10/2021;Index transmis par le distributeur;17545;12154
10/10/2021;Index transmis par le distributeur;17533;12148
09/10/2021;Index transmis par le distributeur;17521;12140
08/10/2021;Index transmis par le distributeur;17510;12133
07/10/2021;Index transmis par le distributeur;17499;12127
06/10/2021;Index transmis par le distributeur;17487;12119
05/10/2021;Index transmis par le distributeur;17473;12112
04/10/2021;Index transmis par le distributeur;17459;12106
03/10/2021;Index transmis par le distributeur;17445;12103
02/10/2021;Index transmis par le distributeur;17434;12099
01/10/2021;Index transmis par le distributeur;17427;12096
30/09/2021;Index transmis par le distributeur;17414;12094
29/09/2021;Index transmis par le distributeur;17404;12090
28/09/2021;Index transmis par le distributeur;17396;12087
27/09/2021;Index transmis par le distributeur;17386;12084
26/09/2021;Index transmis par le distributeur;17378;12081
25/09/2021;Index transmis par le distributeur;17372;12077
24/09/2021;Index transmis par le distributeur;17365;12075
23/09/2021;Index transmis par le distributeur;17354;12071
22/09/2021;Index transmis par le distributeur;17346;12067
21/09/2021;Index transmis par le distributeur;17338;12062
20/09/2021;Index transmis par le distributeur;17329;12058
19/09/2021;Index transmis par le distributeur;17320;12053
18/09/2021;Index transmis par le distributeur;17310;12051
17/09/2021;Index transmis par le distributeur;17299;12046
16/09/2021;Index transmis par le distributeur;17291;12042
15/09/2021;Index transmis par le distributeur;17280;12040
14/09/2021;Index transmis par le distributeur;17271;12037
13/09/2021;Index transmis par le distributeur;17259;12031
12/09/2021;Index transmis par le distributeur;17247;12028
11/09/2021;Index transmis par le distributeur;17238;12023
10/09/2021;Index transmis par le distributeur;17228;12020
09/09/2021;Index transmis par le distributeur;17219;12017
08/09/2021;Index transmis par le distributeur;17209;12015
06/09/2021;Index transmis par le distributeur;17191;12005
05/09/2021;Index transmis par le distributeur;17183;12000
04/09/2021;Index transmis par le distributeur;17173;11997
03/09/2021;Index transmis par le distributeur;17163;11994
02/09/2021;Index transmis par le distributeur;17153;11990
01/09/2021;Index transmis par le distributeur;17142;11985
31/08/2021;Index transmis par le distributeur;17132;11980
30/08/2021;Index transmis par le distributeur;17122;11976
29/08/2021;Index transmis par le distributeur;17114;11971
28/08/2021;Index transmis par le distributeur;17106;11966
27/08/2021;Index transmis par le distributeur;17098;11964
26/08/2021;Index transmis par le distributeur;17090;11960
25/08/2021;Index transmis par le distributeur;17082;11954
24/08/2021;Index transmis par le distributeur;17073;11949
23/08/2021;Index transmis par le distributeur;17063;11946
22/08/2021;Index transmis par le distributeur;17057;11943
21/08/2021;Index transmis par le distributeur;17049;11939
20/08/2021;Index transmis par le distributeur;17042;11937
19/08/2021;Index transmis par le distributeur;17036;11933
18/08/2021;Index transmis par le distributeur;17029;11930
17/08/2021;Index transmis par le distributeur;17024;11923
16/08/2021;Index transmis par le distributeur;17019;11918
15/08/2021;Index transmis par le distributeur;17012;11915
14/08/2021;Index transmis par le distributeur;16996;11912
13/08/2021;Index transmis par le distributeur;16984;11908
12/08/2021;Index transmis par le distributeur;16978;11904
11/08/2021;Index transmis par le distributeur;16973;11900
10/08/2021;Index transmis par le distributeur;16966;11898
09/08/2021;Index transmis par le distributeur;16959;11896
08/08/2021;Index transmis par le distributeur;16948;11894
07/08/2021;Index transmis par le distributeur;16940;11892
06/08/2021;Index transmis par le distributeur;16932;11890
05/08/2021;Index transmis par le distributeur;16924;11888
04/08/2021;Index transmis par le distributeur;16912;11884
03/08/2021;Index transmis par le distributeur;16905;11882
02/08/2021;Index transmis par le distributeur;16900;11879
01/08/2021;Index transmis par le distributeur;16893;11874
31/07/2021;Index transmis par le distributeur;16882;11870
30/07/2021;Index transmis par le distributeur;16873;11868
29/07/2021;Index transmis par le distributeur;16864;11864
28/07/2021;Index transmis par le distributeur;16851;11862
27/07/2021;Index transmis par le distributeur;16842;11859
26/07/2021;Index transmis par le distributeur;16831;11856
25/07/2021;Index transmis par le distributeur;16826;11854
24/07/2021;Index transmis par le distributeur;16820;11852
23/07/2021;Index transmis par le distributeur;16814;11848
22/07/2021;Index transmis par le distributeur;16807;11844
21/07/2021;Index transmis par le distributeur;16798;11840
20/07/2021;Index transmis par le distributeur;16792;11838
19/07/2021;Index transmis par le distributeur;16783;11835
18/07/2021;Index transmis par le distributeur;16776;11833
17/07/2021;Index transmis par le distributeur;16766;11830
16/07/2021;Index transmis par le distributeur;16757;11825
15/07/2021;Index transmis par le distributeur;16750;11822
14/07/2021;Index transmis par le distributeur;16743;11819
13/07/2021;Index transmis par le distributeur;16732;11817
12/07/2021;Index transmis par le distributeur;16723;11814
11/07/2021;Index transmis par le distributeur;16715;11811
10/07/2021;Index transmis par le distributeur;16705;11808
09/07/2021;Index transmis par le distributeur;16694;11805
08/07/2021;Index transmis par le distributeur;16684;11802
07/07/2021;Index transmis par le distributeur;16679;11797
06/07/2021;Index transmis par le distributeur;16671;11793
05/07/2021;Index transmis par le distributeur;16661;11789
04/07/2021;Index transmis par le distributeur;16654;11787
03/07/2021;Index transmis par le distributeur;16648;11782
02/07/2021;Index transmis par le distributeur;16641;11780
01/07/2021;Index transmis par le distributeur;16629;11777
30/06/2021;Index transmis par le distributeur;16621;11774
29/06/2021;Index transmis par le distributeur;16614;11769
28/06/2021;Index transmis par le distributeur;16606;11765
27/06/2021;Index transmis par le distributeur;16599;11761
26/06/2021;Index transmis par le distributeur;16589;11760
25/06/2021;Index transmis par le distributeur;16582;11756
24/06/2021;Index transmis par le distributeur;16569;11754
22/06/2021;Index transmis par le distributeur;16550;11750
21/06/2021;Index transmis par le distributeur;16542;11744
20/06/2021;Index transmis par le distributeur;16533;11741
19/06/2021;Index transmis par le distributeur;16525;11736
18/06/2021;Index transmis par le distributeur;16519;11734
17/06/2021;Index transmis par le distributeur;16509;11732
16/06/2021;Index transmis par le distributeur;16500;11729
15/06/2021;Index transmis par le distributeur;16494;11725
14/06/2021;Index transmis par le distributeur;16486;11723
13/06/2021;Index transmis par le distributeur;16479;11721
12/06/2021;Index transmis par le distributeur;16473;11716
11/06/2021;Index transmis par le distributeur;16465;11713
10/06/2021;Index transmis par le distributeur;16460;11712
09/06/2021;Index transmis par le distributeur;16448;11708
08/06/2021;Index transmis par le distributeur;16435;11702
07/06/2021;Index transmis par le distributeur;16422;11696
06/06/2021;Index transmis par le distributeur;16410;11689
05/06/2021;Index transmis par le distributeur;16399;11684
04/06/2021;Index transmis par le distributeur;16382;11679
03/06/2021;Index transmis par le distributeur;16368;11675
02/06/2021;Index transmis par le distributeur;16357;11669
01/06/2021;Index transmis par le distributeur;16345;11663
31/05/2021;Index transmis par le distributeur;16331;11656
30/05/2021;Index transmis par le distributeur;16312;11651
29/05/2021;Index transmis par le distributeur;16296;11646
28/05/2021;Index transmis par le distributeur;16284;11639
27/05/2021;Index transmis par le distributeur;16272;11630
26/05/2021;Index transmis par le distributeur;16257;11621
25/05/2021;Index transmis par le distributeur;16244;11611
24/05/2021;Index transmis par le distributeur;16224;11602
23/05/2021;Index transmis par le distributeur;16209;11595
22/05/2021;Index transmis par le distributeur;16190;11589
21/05/2021;Index transmis par le distributeur;16175;11583
20/05/2021;Index transmis par le distributeur;16160;11576
19/05/2021;Index transmis par le distributeur;16145;11569
18/05/2021;Index transmis par le distributeur;16130;11560
17/05/2021;Index transmis par le distributeur;16114;11553
16/05/2021;Index transmis par le distributeur;16100;11547
15/05/2021;Index transmis par le distributeur;16081;11539
14/05/2021;Index transmis par le distributeur;16065;11532
13/05/2021;Index transmis par le distributeur;16046;11521
12/05/2021;Index transmis par le distributeur;16031;11515
11/05/2021;Index transmis par le distributeur;16014;11509
10/05/2021;Index transmis par le distributeur;15999;11500
09/05/2021;Index transmis par le distributeur;15985;11491
08/05/2021;Index transmis par le distributeur;15968;11485
07/05/2021;Index transmis par le distributeur;15954;11478
06/05/2021;Index transmis par le distributeur;15936;11470
05/05/2021;Index transmis par le distributeur;15917;11463
04/05/2021;Index transmis par le distributeur;15903;11457
03/05/2021;Index transmis par le distributeur;15888;11448
02/05/2021;Index transmis par le distributeur;15871;11440
01/05/2021;Index transmis par le distributeur;15855;11431
30/04/2021;Index transmis par le distributeur;15837;11421
29/04/2021;Index transmis par le distributeur;15819;11415
28/04/2021;Index transmis par le distributeur;15800;11408
27/04/2021;Index transmis par le distributeur;15787;11398
26/04/2021;Index transmis par le distributeur;15771;11390
25/04/2021;Index transmis par le distributeur;15754;11383
24/04/2021;Index transmis par le distributeur;15739;11373
23/04/2021;Index transmis par le distributeur;15720;11367
22/04/2021;Index transmis par le distributeur;15705;11359
21/04/2021;Index transmis par le distributeur;15689;11351
20/04/2021;Index transmis par le distributeur;15672;11344
19/04/2021;Index transmis par le distributeur;15652;11335
18/04/2021;Index transmis par le distributeur;15636;11327
16/04/2021;Index transmis par le distributeur;15596;11309
15/04/2021;Index transmis par le distributeur;15578;11301
14/04/2021;Index transmis par le distributeur;15557;11289
13/04/2021;Index transmis par le distributeur;15536;11280
12/04/2021;Index transmis par le distributeur;15518;11268
11/04/2021;Index transmis par le distributeur;15492;11257
10/04/2021;Index transmis par le distributeur;15472;11249
09/04/2021;Index transmis par le distributeur;15455;11236
08/04/2021;Index transmis par le distributeur;15437;11226
07/04/2021;Index transmis par le distributeur;15412;11214
06/04/2021;Index transmis par le distributeur;15393;11203
05/04/2021;Index transmis par le distributeur;15371;11194
04/04/2021;Index transmis par le distributeur;15354;11186
03/04/2021;Index transmis par le distributeur;15337;11178
02/04/2021;Index transmis par le distributeur;15321;11171
01/04/2021;Index transmis par le distributeur;15310;11163
31/03/2021;Index transmis par le distributeur;15296;11158
30/03/2021;Index transmis par le distributeur;15281;11151
29/03/2021;Index transmis par le distributeur;15266;11141
28/03/2021;Index transmis par le distributeur;15252;11132
27/03/2021;Index transmis par le distributeur;15231;11123
26/03/2021;Index transmis par le distributeur;15214;11114
25/03/2021;Index transmis par le distributeur;15198;11105
24/03/2021;Index transmis par le distributeur;15176;11097
23/03/2021;Index transmis par le distributeur;15157;11088
22/03/2021;Index transmis par le distributeur;15138;11076
21/03/2021;Index transmis par le distributeur;15119;11069
20/03/2021;Index transmis par le distributeur;15098;11058
19/03/2021;Index transmis par le distributeur;15082;11051
18/03/2021;Index transmis par le distributeur;15065;11039
17/03/2021;Index transmis par le distributeur;15047;11030
16/03/2021;Index transmis par le distributeur;15029;11022
15/03/2021;Index transmis par le distributeur;15009;11011
14/03/2021;Index transmis par le distributeur;14985;10995
13/03/2021;Index transmis par le distributeur;14958;10981
12/03/2021;Index transmis par le distributeur;14931;10968
11/03/2021;Index transmis par le distributeur;14909;10956
10/03/2021;Index transmis par le distributeur;14879;10943
09/03/2021;Index transmis par le distributeur;14851;10929
08/03/2021;Index transmis par le distributeur;14821;10914
07/03/2021;Index transmis par le distributeur;14790;10901
06/03/2021;Index transmis par le distributeur;14754;10885
05/03/2021;Index transmis par le distributeur;14727;10874
04/03/2021;Index transmis par le distributeur;14702;10861
03/03/2021;Index transmis par le distributeur;14681;10851
02/03/2021;Index transmis par le distributeur;14659;10839
01/03/2021;Index transmis par le distributeur;14629;10825
28/02/2021;Index transmis par le distributeur;14601;10809
27/02/2021;Index transmis par le distributeur;14573;10794
26/02/2021;Index transmis par le distributeur;14544;10783
25/02/2021;Index transmis par le distributeur;14525;10774
24/02/2021;Index transmis par le distributeur;14506;10759
23/02/2021;Index transmis par le distributeur;14486;10744
22/02/2021;Index transmis par le distributeur;14466;10731
21/02/2021;Index transmis par le distributeur;14443;10721
20/02/2021;Index transmis par le distributeur;14422;10713
19/02/2021;Index transmis par le distributeur;14403;10702
18/02/2021;Index transmis par le distributeur;14380;10690
17/02/2021;Index transmis par le distributeur;14353;10678
16/02/2021;Index transmis par le distributeur;14332;10662
15/02/2021;Index transmis par le distributeur;14309;10647
14/02/2021;Index transmis par le distributeur;14263;10627
13/02/2021;Index transmis par le distributeur;14216;10606
12/02/2021;Index transmis par le distributeur;14174;10586
11/02/2021;Index transmis par le distributeur;14126;10565
10/02/2021;Index transmis par le distributeur;14079;10542
09/02/2021;Index transmis par le distributeur;14042;10523
08/02/2021;Index transmis par le distributeur;14002;10507
07/02/2021;Index transmis par le distributeur;13970;10494
06/02/2021;Index transmis par le distributeur;13938;10479
05/02/2021;Index transmis par le distributeur;13917;10466
04/02/2021;Index transmis par le distributeur;13895;10454
03/02/2021;Index transmis par le distributeur;13868;10445
02/02/2021;Index transmis par le distributeur;13850;10436
01/02/2021;Index transmis par le distributeur;13830;10426
31/01/2021;Index transmis par le distributeur;13805;10417
30/01/2021;Index transmis par le distributeur;13787;10406
29/01/2021;Index transmis par le distributeur;13767;10397
28/01/2021;Index transmis par le distributeur;13748;10387
27/01/2021;Index transmis par le distributeur;13723;10376
26/01/2021;Index transmis par le distributeur;13691;10358
25/01/2021;Index transmis par le distributeur;13657;10337
24/01/2021;Index transmis par le distributeur;13617;10319
23/01/2021;Index transmis par le distributeur;13576;10303
22/01/2021;Index transmis par le distributeur;13542;10288
21/01/2021;Index transmis par le distributeur;13509;10272
20/01/2021;Index transmis par le distributeur;13477;10260
19/01/2021;Index transmis par le distributeur;13452;10247
18/01/2021;Index transmis par le distributeur;13423;10231
17/01/2021;Index transmis par le distributeur;13388;10215
16/01/2021;Index transmis par le distributeur;13354;10200
15/01/2021;Index transmis par le distributeur;13324;10185
14/01/2021;Index transmis par le distributeur;13298;10173
13/01/2021;Index transmis par le distributeur;13263;10161
12/01/2021;Index transmis par le distributeur;13237;10147
11/01/2021;Index transmis par le distributeur;13206;10130
10/01/2021;Index transmis par le distributeur;13165;10107
09/01/2021;Index transmis par le distributeur;13128;10086
08/01/2021;Index transmis par le distributeur;13091;10069
07/01/2021;Index transmis par le distributeur;13054;10049
06/01/2021;Index transmis par le distributeur;13015;10031
05/01/2021;Index transmis par le distributeur;12982;10011
04/01/2021;Index transmis par le distributeur;12946;9995
03/01/2021;Index transmis par le distributeur;12911;9980
02/01/2021;Index transmis par le distributeur;12883;9966
01/01/2021;Index transmis par le distributeur;12855;9949
31/12/2020;Index transmis par le distributeur;12816;9938
30/12/2020;Index transmis par le distributeur;12786;9924
29/12/2020;Index transmis par le distributeur;12759;9908
28/12/2020;Index transmis par le distributeur;12732;9895
27/12/2020;Index transmis par le distributeur;12708;9885
26/12/2020;Index transmis par le distributeur;12685;9874
25/12/2020;Index transmis par le distributeur;12658;9862
24/12/2020;Index transmis par le distributeur;12634;9853
23/12/2020;Index transmis par le distributeur;12616;9844
22/12/2020;Index transmis par le distributeur;12599;9836
21/12/2020;Index transmis par le distributeur;12581;9826
20/12/2020;Index transmis par le distributeur;12558;9817
19/12/2020;Index transmis par le distributeur;12538;9810
18/12/2020;Index transmis par le distributeur;12523;9802
17/12/2020;Index transmis par le distributeur;12506;9793
16/12/2020;Index transmis par le distributeur;12485;9784
15/12/2020;Index transmis par le distributeur;12469;9773
14/12/2020;Index transmis par le distributeur;12454;9765
13/12/2020;Index transmis par le distributeur;12430;9757
12/12/2020;Index transmis par le distributeur;12398;9747
11/12/2020;Index transmis par le distributeur;12378;9740
10/12/2020;Index transmis par le distributeur;12358;9731
09/12/2020;Index transmis par le distributeur;12331;9719
08/12/2020;Index transmis par le distributeur;12306;9707
07/12/2020;Index transmis par le distributeur;12277;9694
06/12/2020;Index transmis par le distributeur;12251;9680
05/12/2020;Index transmis par le distributeur;12225;9665
04/12/2020;Index transmis par le distributeur;12194;9653
03/12/2020;Index transmis par le distributeur;12168;9644
02/12/2020;Index transmis par le distributeur;12150;9635
01/12/2020;Index transmis par le distributeur;12133;9626
30/11/2020;Index transmis par le distributeur;12116;9618
29/11/2020;Index transmis par le distributeur;12096;9607
28/11/2020;Index transmis par le distributeur;12080;9600
27/11/2020;Index transmis par le distributeur;12064;9594
26/11/2020;Index transmis par le distributeur;12047;9588
25/11/2020;Index transmis par le distributeur;12026;9580
24/11/2020;Index transmis par le distributeur;12013;9571
23/11/2020;Index transmis par le distributeur;12000;9563
22/11/2020;Index transmis par le distributeur;11979;9557
21/11/2020;Index transmis par le distributeur;11957;9549
20/11/2020;Index transmis par le distributeur;11943;9542
19/11/2020;Index transmis par le distributeur;11926;9533
18/11/2020;Index transmis par le distributeur;11911;9526
17/11/2020;Index transmis par le distributeur;11898;9518
16/11/2020;Index transmis par le distributeur;11882;9512
15/11/2020;Index transmis par le distributeur;11862;9507
14/11/2020;Index transmis par le distributeur;11845;9499
13/11/2020;Index transmis par le distributeur;11832;9493
12/11/2020;Index transmis par le distributeur;11816;9486
11/11/2020;Index transmis par le distributeur;11798;9478
10/11/2020;Index transmis par le distributeur;11785;9473
09/11/2020;Index transmis par le distributeur;11773;9464
08/11/2020;Index transmis par le distributeur;11757;9457
07/11/2020;Index transmis par le distributeur;11742;9450
06/11/2020;Index transmis par le distributeur;11725;9443
05/11/2020;Index transmis par le distributeur;11709;9436
04/11/2020;Index transmis par le distributeur;11690;9427
03/11/2020;Index transmis par le distributeur;11677;9418
02/11/2020;Index transmis par le distributeur;11665;9408
01/11/2020;Index transmis par le distributeur;11651;9403
31/10/2020;Index transmis par le distributeur;11633;9398
30/10/2020;Index transmis par le distributeur;11616;9393
29/10/2020;Index transmis par le distributeur;11598;9388
28/10/2020;Index transmis par le distributeur;11581;9381
27/10/2020;Index transmis par le distributeur;11565;9373
26/10/2020;Index transmis par le distributeur;11551;9365
25/10/2020;Index transmis par le distributeur;11534;9359
24/10/2020;Index transmis par le distributeur;11520;9354
23/10/2020;Index transmis par le distributeur;11508;9348
22/10/2020;Index transmis par le distributeur;11493;9343
21/10/2020;Index transmis par le distributeur;11476;9336
20/10/2020;Index transmis par le distributeur;11465;9328
19/10/2020;Index transmis par le distributeur;11447;9321
18/10/2020;Index transmis par le distributeur;11432;9315
17/10/2020;Index transmis par le distributeur;11415;9307
16/10/2020;Index transmis par le distributeur;11402;9300
15/10/2020;Index transmis par le distributeur;11387;9293
14/10/2020;Index transmis par le distributeur;11368;9282
13/10/2020;Index transmis par le distributeur;11356;9273
12/10/2020;Index transmis par le distributeur;11342;9265
11/10/2020;Index transmis par le distributeur;11328;9259
10/10/2020;Index transmis par le distributeur;11313;9253
09/10/2020;Index transmis par le distributeur;11301;9248
08/10/2020;Index transmis par le distributeur;11290;9241
07/10/2020;Index transmis par le distributeur;11271;9236
06/10/2020;Index transmis par le distributeur;11257;9231
05/10/2020;Index transmis par le distributeur;11243;9222
04/10/2020;Index transmis par le distributeur;11227;9214
03/10/2020;Index transmis par le distributeur;11206;9209
02/10/2020;Index transmis par le distributeur;11189;9203
01/10/2020;Index transmis par le distributeur;11176;9199
30/09/2020;Index transmis par le distributeur;11164;9194
29/09/2020;Index transmis par le distributeur;11160;9190
28/09/2020;Index transmis par le distributeur;11155;9185
27/09/2020;Index transmis par le distributeur;11147;9184
26/09/2020;Index transmis par le distributeur;11137;9182
25/09/2020;Index transmis par le distributeur;11132;9179
24/09/2020;Index transmis par le distributeur;11125;9174
23/09/2020;Index transmis par le distributeur;11114;9171
22/09/2020;Index transmis par le distributeur;11109;9166
21/09/2020;Index transmis par le distributeur;11102;9164
20/09/2020;Index transmis par le distributeur;11095;9161
19/09/2020;Index transmis par le distributeur;11088;9159
18/09/2020;Index transmis par le distributeur;11083;9157
17/09/2020;Index transmis par le distributeur;11078;9152
16/09/2020;Index transmis par le distributeur;11068;9150
15/09/2020;Index transmis par le distributeur;11058;9149
14/09/2020;Index transmis par le distributeur;11051;9144
13/09/2020;Index transmis par le distributeur;11044;9142
12/09/2020;Index transmis par le distributeur;11036;9141
11/09/2020;Index transmis par le distributeur;11031;9139
10/09/2020;Index transmis par le distributeur;11025;9132
09/09/2020;Index transmis par le distributeur;11018;9130
08/09/2020;Index transmis par le distributeur;11013;9128
07/09/2020;Index transmis par le distributeur;11006;9126
06/09/2020;Index transmis par le distributeur;10995;9124
05/09/2020;Index transmis par le distributeur;10989;9122
04/09/2020;Index transmis par le distributeur;10984;9119
03/09/2020;Index transmis par le distributeur;10980;9115
02/09/2020;Index transmis par le distributeur;10974;9113
01/09/2020;Index transmis par le distributeur;10967;9108
31/08/2020;Index transmis par le distributeur;10961;9105
30/08/2020;Index transmis par le distributeur;10949;9103
29/08/2020;Index transmis par le distributeur;10938;9101
28/08/2020;Index transmis par le distributeur;10930;9098
27/08/2020;Index transmis par le distributeur;10921;9093
26/08/2020;Index transmis par le distributeur;10913;9092
25/08/2020;Index transmis par le distributeur;10906;9088
24/08/2020;Index transmis par le distributeur;10898;9086
23/08/2020;Index transmis par le distributeur;10892;9084
22/08/2020;Index transmis par le distributeur;10885;9082
21/08/2020;Index transmis par le distributeur;10880;9080
20/08/2020;Index transmis par le distributeur;10874;9076
19/08/2020;Index transmis par le distributeur;10868;9073
18/08/2020;Index transmis par le distributeur;10860;9070
17/08/2020;Index transmis par le distributeur;10852;9067
16/08/2020;Index transmis par le distributeur;10845;9066
15/08/2020;Index transmis par le distributeur;10841;9064
14/08/2020;Index transmis par le distributeur;10834;9063
13/08/2020;Index transmis par le distributeur;10826;9062
12/08/2020;Index transmis par le distributeur;10818;9060
11/08/2020;Index transmis par le distributeur;10810;9059
10/08/2020;Index transmis par le distributeur;10803;9056
09/08/2020;Index transmis par le distributeur;10798;9052
08/08/2020;Index transmis par le distributeur;10794;9049
07/08/2020;Index transmis par le distributeur;10780;9045
06/08/2020;Index transmis par le distributeur;10770;9041
05/08/2020;Index transmis par le distributeur;10762;9037
04/08/2020;Index transmis par le distributeur;10757;9034
03/08/2020;Index transmis par le distributeur;10746;9032
02/08/2020;Index transmis par le distributeur;10741;9031
01/08/2020;Index transmis par le distributeur;10732;9029
31/07/2020;Index transmis par le distributeur;10725;9027
30/07/2020;Index transmis par le distributeur;10720;9025
29/07/2020;Index transmis par le distributeur;10714;9022
28/07/2020;Index transmis par le distributeur;10710;9018
27/07/2020;Index transmis par le distributeur;10697;9016
26/07/2020;Index transmis par le distributeur;10694;9015
25/07/2020;Index transmis par le distributeur;10686;9013
24/07/2020;Index transmis par le distributeur;10675;9008
23/07/2020;Index transmis par le distributeur;10669;9006
22/07/2020;Index transmis par le distributeur;10662;9004
21/07/2020;Index transmis par le distributeur;10652;9002
20/07/2020;Index transmis par le distributeur;10647;8999
19/07/2020;Index transmis par le distributeur;10637;8996
18/07/2020;Index transmis par le distributeur;10632;8994
17/07/2020;Index transmis par le distributeur;10625;8992
16/07/2020;Index transmis par le distributeur;10617;8988
15/07/2020;Index transmis par le distributeur;10610;8983
14/07/2020;Index transmis par le distributeur;10604;8980
13/07/2020;Index transmis par le distributeur;10597;8976
12/07/2020;Index transmis par le distributeur;10591;8971
11/07/2020;Index transmis par le distributeur;10583;8970
10/07/2020;Index transmis par le distributeur;10576;8968
09/07/2020;Index transmis par le distributeur;10571;8965
08/07/2020;Index transmis par le distributeur;10565;8962
07/07/2020;Index transmis par le distributeur;10560;8957
06/07/2020;Index transmis par le distributeur;10555;8953
05/07/2020;Index transmis par le distributeur;10547;8950
03/07/2020;Index transmis par le distributeur;10527;8943
02/07/2020;Index transmis par le distributeur;10520;8939
01/07/2020;Index transmis par le distributeur;10511;8937
30/06/2020;Index transmis par le distributeur;10502;8934
29/06/2020;Index transmis par le distributeur;10496;8930
28/06/2020;Index transmis par le distributeur;10491;8929
27/06/2020;Index transmis par le distributeur;10481;8927
26/06/2020;Index transmis par le distributeur;10475;8923
25/06/2020;Index transmis par le distributeur;10470;8920
24/06/2020;Index transmis par le distributeur;10457;8918
23/06/2020;Index transmis par le distributeur;10452;8913
22/06/2020;Index transmis par le distributeur;10446;8909
21/06/2020;Index transmis par le distributeur;10436;8906
20/06/2020;Index transmis par le distributeur;10427;8904
19/06/2020;Index transmis par le distributeur;10421;8900
18/06/2020;Index transmis par le distributeur;10415;8896
17/06/2020;Index transmis par le distributeur;10403;8894

